bit,coefficient
0,0.3743731738396203
1,-0.3629185628723487
2,-0.5526469594128187
3,0.22813679919995472
4,-0.30964611183533225
5,-0.8460503854643147
6,-0.6381697078711697
7,0.24408883646200513
8,-0.6016837945754553
9,-0.6007092347361433
10,-0.1680776659472918
11,-0.06394647475543247
12,0.6046116079984367
13,-0.033063922589969735
14,0.17060376741959804
15,1.1461352307817392
16,-0.6720866529984286
17,-0.01816416780396357
18,-0.3227088535048407
19,-0.42317430188771943
20,0.07383441506794036
21,-0.1464872671291148
22,-0.48239908095529144
23,0.11141833264473539
24,-0.03700778480123128
25,-0.18595244964607568
26,-0.07888322283670901
27,0.03994237492996744
28,-0.21342123687370315
29,-0.5608689349232419
30,-0.9250602921833908
31,-0.5934118506753673
32,-0.6512575068405368
33,-0.5931847882157363
34,0.11911069109519604
35,-0.37934267291622364
36,0.26569716757435924
37,-0.9037459747179614
38,-0.38383999560047605
39,-0.3963259611328186
40,-0.014100183544667758
41,0.7029864693813245
42,0.2780624241173075
43,-0.04159767443026878
44,-0.6174100285758766
45,-0.915916770896841
46,0.18105818729797005
47,-0.15223989243684094
48,-0.10866255362039612
49,0.3316832481965417
50,0.6162093317479505
51,0.2473737919919891
52,-0.5562669900342941
53,-0.286700601180878
54,-0.1681855460652274
55,0.5617047747478758
56,0.12643483671677788
57,-0.12082634629052158
58,0.026198194446176964
59,-0.5905711326291897
60,0.6882370068864794
61,-0.06582748945686029
62,0.5093502105120213
63,-1.052459721976037
64,-1.3168141344223556
65,0.7279810355002958
66,0.5609407790364809
67,0.08462586069505135
68,-0.5349130003185473
69,0.00812683446564462
70,-0.11143797520566215
71,0.22719500612974453
72,-0.4293548259466217
73,0.4920852529173018
74,-0.10124576908303343
75,0.7714888645011635
76,0.17761280671772503
77,0.21340929169959236
78,0.5805714441767259
79,0.06499362074785425
80,-0.022642209131665578
81,-0.2452408855760434
82,-0.47760264271827013
83,-0.2844522495642699
84,-0.31619649862100285
85,0.3279543907504098
86,-1.1736881184753114
87,-0.3208105351873298
88,-0.04253123798174968
89,0.6864203356123227
90,0.5231429952531632
91,-0.1228651996818818
92,0.40862554988337396
93,0.16156168602810575
94,-0.13194073198137782
95,-0.5106077438731396
96,1.0662960213911283
97,-0.37561904200459917
98,0.20752305360243442
99,0.06783563214534381
100,-0.22772352639190985
101,-0.06089281382700528
102,-0.34105520414755935
103,-0.043704500463174645
104,0.20272525449935044
105,-1.024337710686605
106,-0.43550710320476094
107,0.3163671306687712
108,-0.03517314070520528
109,0.028359762698735594
110,-0.577065026346536
111,-0.9288847580781269
112,-0.3653032331876989
113,-0.773611887663243
114,-0.4798009726084508
115,0.2461417628141438
116,-0.9997815197584193
117,0.06556843665853986
118,0.25247802167460864
119,0.3829482388135008
120,-1.211202478158356
121,-0.2734880074967766
122,0.2656027524502925
123,-0.6968349876882871
124,0.3488937488361334
125,-0.4815490501790819
126,0.03667191677814388
127,-0.5153337229515432
128,-0.8537640691936175
129,0.5360827746185663
130,-0.9174332751234112
131,0.4849692025312499
132,-0.19698608838390375
133,-0.7875407752342831
134,-0.45198039372645576
135,-0.09688259740408843
136,0.6899640928349778
137,-0.20595766244270497
138,0.21763525780636533
139,-0.7886112768980263
140,0.11859356216826519
141,0.9397611617105481
142,-0.10245257851318049
143,0.3414351072293905
144,-0.22070773414109846
145,-0.08339575126246446
146,-0.5339012329707963
147,-0.056459294366011714
148,-0.24027439852280216
149,-0.7948324454632327
150,0.11218005087682363
151,-0.45602423826717764
152,0.2320694503283818
153,1.0123311814817137
154,0.3911576169022364
155,0.4013675074783975
156,-0.44382374066686603
157,0.5389091366935778
158,0.16407450361927642
159,-0.14031128088188247
160,0.7898188857368305
161,-0.299437040442087
162,-0.777798694798836
163,0.232586767177547
164,-0.07070901709799668
165,-0.14958118823421102
166,-0.6865523113910732
167,-0.31175566009309
168,-0.2559249192946845
169,0.2865411364154719
170,0.8716937828792267
171,-0.08179846113641082
172,0.029769730240830315
173,-0.2262945465684766
174,1.7686104009621337
175,0.545708011519966
176,-0.05796808274577951
177,1.1088809921695915
178,0.021550314427091488
179,-0.23819073549308933
180,0.10686532580779232
181,-0.5187571724009702
182,-0.0649477600691281
183,-1.6875699554740007
184,-0.14639418837134743
185,-0.9222831574721342
186,0.052492712072364854
187,-0.06548957719249804
188,-0.30567333249597456
189,0.06957031336440646
190,-0.00943346087685764
191,-0.3889385841904678
192,-0.009414091823791604
193,-0.27929346443602643
194,0.006643191280749194
195,-0.2705311920882001
196,-0.602703814345954
197,0.4976785187075907
198,0.021667581834923046
199,-0.03733484022530095
200,0.14537149478109143
201,0.30899776586584193
202,-0.4180781371776702
203,-0.3458565939566527
204,-0.32612058275683004
205,-0.4010958654080382
206,0.4898304704509742
207,0.17593373290602582
208,-0.6040398731986735
209,0.005856649786766699
210,-0.4022147167451515
211,0.1658918142266299
212,-0.39589969560236327
213,-0.30768928070673096
214,0.5242407192064289
215,-1.123950882100084
216,0.3884907514136961
217,1.9728342277051978
218,-0.06050633754364874
219,-1.0888158637223109
220,0.5233696847214613
221,0.15876221338525837
222,0.7238573068515777
223,0.2062020860239374
224,0.20036282712499526
225,0.5258531655529312
226,-0.03175030414267023
227,0.6383374201903329
228,-0.6854184713546453
229,-0.22990780455345955
230,-0.7477951344508189
231,-0.4133474192378334
232,0.5730384726603949
233,0.08246292616424875
234,-0.8079798293482449
235,-0.3543419000716904
236,-1.3778983409802172
237,-0.07050520374805641
238,0.17041163806725484
239,-0.44782268803897884
240,-0.026054325467029522
241,-0.016987830353674748
242,-0.23083453415221797
243,-0.3336140092027383
244,0.26671009923703204
245,-0.47778984535387653
246,-0.25939852851326656
247,0.18799926723569838
248,-0.7300285453628913
249,0.30781078208750157
250,0.6413074621646329
251,-0.1966016178440659
252,-0.5006184278048863
253,0.143496200593026
254,-0.2391509369674282
255,0.2008415424561541
256,0.1295330093258386
257,-0.43849139457883113
258,-1.1228875389085644
259,-0.03799822285568352
260,-0.8980182499714178
261,-1.281109101898967
262,-0.2151102943789317
263,-0.5431029677866076
264,-0.3210650892943749
265,0.01720107726858347
266,-1.0861416865920426
267,-0.22548814512104687
268,-2.8492709166809
269,-0.6088452817086857
270,-0.4326364290940214
271,-0.2158147014503742
272,0.1040589467184814
273,-0.0719804131243619
274,-0.4570776754646989
275,-0.07795480959012108
276,0.007440032249922589
277,0.24949073320497736
278,-0.40452448292950566
279,0.6441169624275163
280,0.32993645300855323
281,0.3654349546752365
282,-0.3744900936720689
283,0.1398918142766026
284,0.5749645927936978
285,-0.7578036214536211
286,-0.26008026581939514
287,-0.06655589506223107
288,-0.8058999878859674
289,0.27409665448114784
290,0.6032248964171096
291,0.016481701087086582
292,0.15769785129078465
293,-0.3952258465066719
294,0.0013243591652531
295,-0.6165490921020558
296,-0.3224453817853024
297,-1.1849999771294455
298,0.3461880948730524
299,0.9221317330017057
300,-0.28352452451418386
301,0.5995124019562389
302,-0.6419929882562511
303,-0.7647804121334691
304,-0.42036798964634353
305,0.0995351565361194
306,-1.0489229222305865
307,0.3471065730639533
308,-0.15323906927691236
309,-0.46178569630408345
310,-0.26273470844614394
311,0.31027031604300653
312,0.44946003885163893
313,0.2742845179413824
314,0.684207360125191
315,0.8022287749821979
316,-0.022194102225120214
317,0.14168888911314642
318,0.4528711120774363
319,-0.7543657075438159
320,-0.4425068385575254
321,0.3023807161493019
322,-0.6329802248648937
323,-0.6439902684454811
324,0.21709462961308712
325,-0.2279584742129042
326,-0.18458963549262705
327,-0.7815206333676786
328,0.007190862319928621
329,0.24271708176444806
330,-1.311602115001153
331,-0.9873644473754852
332,0.03461150931430251
333,-0.500516477421469
334,-0.5736774631769528
335,0.30333354083346387
336,0.1914494223227267
337,-0.16230291518625853
338,0.014030404131631171
339,-0.11674116527391142
340,-0.036312837905830536
341,0.3559153369797298
342,0.35054500759034285
343,-0.05751401759485908
344,0.7308224663869973
345,-0.056433108133779816
346,0.9947513759495386
347,-0.656960154816848
348,-0.02159010340850502
349,-0.8764850448979746
350,0.05189477107549616
351,-0.3537473970756925
352,-0.9630260168459828
353,0.2578326600183647
354,-0.2943729942911878
355,0.8159789053827949
356,-0.6011441406281184
357,-0.4253020013934387
358,0.09906256486979269
359,-0.04567874713557179
360,0.14575607513855665
361,-0.4303562226659415
362,-0.016260480069433373
363,0.24315897720312302
364,-0.10083699297161021
365,-0.5600043387673753
366,-0.05101245963521317
367,-0.04293065735859867
368,-0.3320658145120446
369,-0.5280771641388495
370,0.23568236320843683
371,-0.37268894131626273
372,0.04949425429059896
373,-1.0736889961551974
374,0.17737685991063698
375,-0.4419823017419617
376,0.040191847719138765
377,0.03778776796005805
378,0.5530972363839713
379,0.2555313302619152
380,0.14918507396750644
381,0.017428498821682015
382,0.6449221065987081
383,-0.20265924749959208
384,0.05748314739631394
385,-0.7025771560965816
386,0.7696830098099421
387,0.21117136702893205
388,-0.6453972044201712
389,0.3160696463155622
390,-0.7441463609107489
391,-0.9783002376171152
392,-0.24813924234685072
393,-0.3096796488164471
394,0.24223980811199608
395,-0.44017100683439014
396,0.12285065059669764
397,-0.4010737819285691
398,-0.37405694552787233
399,0.41527548856020924
400,0.22896566173539945
401,-0.4254414546041604
402,-0.6216258570239162
403,0.054520173527114774
404,-0.1344172744570553
405,-0.8010817644173
406,-0.6514261058881348
407,-0.2618421065980122
408,1.3337241286733168
409,0.4418771993904229
410,-0.5608859403187433
411,-0.6967279127290075
412,0.11428043897978767
413,0.009507641094981825
414,0.5881570540723319
415,-0.2968913529603611
416,-0.1518415914956572
417,-0.06035910016754395
418,-0.415162699860182
419,-0.42423114609130846
420,-0.17726773408407
421,-1.0861562806253076
422,0.07554765432840682
423,-0.16270658720919684
424,0.4151639723402718
425,0.1407031931366763
426,-0.5088716501299114
427,-0.6557226146098232
428,-0.2711385980982585
429,0.5254118112396413
430,-0.2138891165045263
431,-0.8707407132143683
432,-0.011238977382973206
433,-0.0011485661744303488
434,0.7410034368142224
435,-1.158807111471982
436,0.682800691431426
437,0.16368142503342148
438,0.2857417599081784
439,-0.8215500518629221
440,-0.36616816478780784
441,-0.33115978125635387
442,0.016933350905721494
443,-0.7444135424521846
444,0.14409307922142708
445,-0.29218568212650536
446,0.6531346400573453
447,0.049488316807759204
448,-0.1232122383278568
449,0.038742333732022856
450,-0.4525445421722311
451,0.32825108189002244
452,-0.18130142375430103
453,-0.6111844668014575
454,0.33211900683761075
455,0.968539699420547
456,-0.13894949852445013
457,0.46973606575974736
458,0.6345772603636038
459,-0.07700546959269586
460,0.8493780292851116
461,0.4401223598355556
462,0.22091287957410613
463,0.108544923660197
464,0.17745353267928846
465,-0.44779644016507086
466,-0.8693388860510368
467,-0.46456946499303786
468,-2.3076394211162765
469,0.39059570208237276
470,-0.3357525119152655
471,0.40650694384737457
472,-0.18682947602550465
473,0.2430012609054287
474,0.01468977400676718
475,0.6021096942028611
476,-1.017881937023135
477,0.45634426397547667
478,-0.10888880322344215
479,-0.5589657903482887
480,0.6869470864759575
481,0.06734969875543136
482,0.08471887936763361
483,-0.9407629131970395
484,-0.7943969337485846
485,0.04515317174006113
486,0.43860001268699217
487,-0.6416350393399615
488,-0.1886379009467651
489,1.133881635032241
490,-0.1995238681549007
491,-0.19133639118526097
492,0.017516609406842326
493,-0.4429680380639479
494,0.19431840440359874
495,0.050517070041043916
496,-0.03416817393612458
497,-0.6833569614524845
498,-1.1707334037193065
499,-0.13129389804425473
500,0.27722557094938916
501,-0.9541764073966124
502,0.2092075227057329
503,-0.2330781396607738
504,-0.4750851334795071
505,0.27001579503517803
506,-0.5696985308124489
507,-0.6211427168798279
508,0.34976178273086855
509,0.7300889081315931
510,0.5307694007990871
511,-0.2299661959222035
512,-0.24014890213974
513,0.2840292085228702
514,-0.7983110607050692
515,0.16922422235838214
516,0.5804186228616507
517,0.20905225899993302
518,-0.9153608223879623
519,-0.38074104279643123
520,-0.7786077417524824
521,-0.7636000676642617
522,-0.11958038155449666
523,0.6299102449469527
524,0.07508214257335616
525,-0.6376168206129206
526,-0.41652531733104164
527,0.28337644102810416
528,-0.001947132599777402
529,0.18861848208934037
530,0.0026682021601736466
531,0.5044146773655801
532,-0.04548158051923402
533,-0.004759889709543086
534,-0.8637646495813226
535,-0.8724700413736995
536,0.14828355706901142
537,-0.6741260410228964
538,-0.1228764970484756
539,-0.12108857207824691
540,0.4120803138093606
541,-0.29091747254361405
542,-0.2882969125598067
543,0.6119106084821031
544,-0.1019685524297286
545,-0.10679539769962021
546,0.09353927827954152
547,0.6297285549237172
548,0.26929185569249764
549,0.20485541340197935
550,-0.35208572877200334
551,0.8946431812868243
552,-0.37867202723569643
553,0.04204789498035773
554,-0.4188349101687948
555,-0.13333607716504017
556,-0.5884689668240377
557,-0.9528991230812054
558,-0.3584423335131083
559,0.7008152656337502
560,0.2933682945219528
561,-0.6789287432280149
562,0.1427190585501739
563,-0.2750422740026734
564,-0.840201687700598
565,-0.953021979104385
566,0.1972758852183819
567,-0.014106408510184062
568,0.5290600468696962
569,0.47520597825451194
570,-0.25804776680457836
571,-0.650107397706905
572,-1.5959455978986625e-16
573,0.7663232145211415
574,0.02452569190613159
575,-0.3043565876368413
576,-0.2467152312184991
577,0.1098037902978908
578,-0.9940179555766847
579,-0.4736187653127029
580,-0.5935404616523138
581,-0.8669854613355843
582,-0.7262567363346124
583,-0.31064342131766937
584,-0.0018764315572827456
585,-0.3215946494682713
586,0.08319820701614516
587,-0.9373270884275865
588,-0.32530863868833954
589,0.18503823425883859
590,0.6109958581712277
591,-0.40000971502861404
592,0.33830471077168245
593,0.48687672619797057
594,0.26806106920474126
595,0.6930834909074316
596,0.694907224438682
597,-1.0800049186780143
598,0.17300354498775794
599,-1.1192944392466762
600,-0.24152800326841478
601,0.11525622454521746
602,1.08072667962089
603,0.17931233497541907
604,-4.215854530795985e-05
605,-0.6029582734370289
606,-0.11360529724159937
607,-0.14059787886706368
608,-0.4024250858936173
609,-0.16958340066100713
610,-0.5024235745480453
611,-1.142009903710043
612,0.1643539561700386
613,-0.44965692768914417
614,0.22265290142722097
615,-0.11526831662451546
616,-0.3943229060075419
617,0.03303624935523926
618,-0.14588165277220203
619,0.05354725354466624
620,0.007383416149546724
621,-0.11724471635591378
622,-0.09727990882548704
623,-0.37381688263295487
624,-0.15939373093600145
625,0.023700262492924763
626,0.724466145404096
627,-0.10403603212336575
628,-0.6809202280801963
629,-0.4023115844089583
630,-0.7189786455151256
631,-0.23532600988839084
632,0.02080891403500213
633,-0.12592626651819028
634,-0.14475479609172895
635,0.42210761677508407
636,-0.5396266116090964
637,-0.1777200158840168
638,0.2132462353277817
639,0.81695903002239
640,-0.2958553699482291
641,-0.1684922644143259
642,-0.39477341201380495
643,-0.01655775176387987
644,-0.83189266009314
645,-0.331619914085826
646,0.010768816743055937
647,0.04875121302298279
648,-0.2669039068591766
649,0.29282335707223606
650,0.384865775439831
651,0.13509574942813313
652,0.20025792002056736
653,0.7643936658559853
654,-0.35882469622226915
655,0.21766243237877575
656,0.5887447751729382
657,-0.767196196796718
658,0.3133420979202268
659,-0.8216801614944864
660,-0.10549948549259061
661,-0.33632894260557405
662,-0.3651704389366818
663,0.255019542378164
664,0.49825592654324974
665,-0.0900399831231745
666,-0.08107529215243336
667,-0.05779182734832182
668,0.05723904312998442
669,-0.6940407415694544
670,0.5128926301096194
671,-0.22375823411709653
672,-0.9565160342406924
673,0.5457640417857189
674,0.08246064726630206
675,0.04723675304758958
676,0.6988608042709917
677,-0.024843588458956956
678,-0.06856393253367715
679,-0.30420234313050337
680,-0.18809606647720112
681,0.4811399910324538
682,0.14903071472920615
683,-0.3879304035996389
684,0.4011225314244404
685,-0.9914666730557488
686,-0.015670249886765047
687,-0.1478109672347675
688,-0.46952275130364535
689,-0.6222401721704143
690,0.17077986706274195
691,0.09954857477419987
692,0.17036917307309435
693,-0.29332660580157127
694,0.08107256420687385
695,0.19093634073892307
696,-0.3069724860055653
697,-0.6300098461877466
698,0.09240344132173549
699,-0.2181054921508277
700,-0.5232188230157182
701,0.45315361792906195
702,0.32961230603024466
703,0.09566316313642764
704,-0.3582692027968642
705,0.14192620960328195
706,-0.29949386234237607
707,0.3519062937369053
708,-0.616016750162594
709,-0.14494176399112552
710,0.6970415422924713
711,-0.15150308287058742
712,0.1604271130440035
713,-0.19214740535776448
714,0.3026178048879636
715,0.17473122086024784
716,-0.014348344657445028
717,0.3128197988871724
718,0.02239890396089743
719,-0.3805282503527109
720,-0.1288462494595496
721,-0.29909710535617584
722,-0.6087976915675029
723,-0.5270721875534877
724,0.5476875234883807
725,-0.21967711742244336
726,-0.33604817744567095
727,0.13504228378713273
728,-0.17414174477689234
729,-0.1964412135410618
730,0.9721059479951337
731,0.01000892682444314
732,-0.20510761314733506
733,-0.6416543082467484
734,0.25933327585279503
735,0.14466565991298988
736,-0.47854616558464824
737,-0.22815642955758966
738,0.24704718123570607
739,-0.22542534952414273
740,0.745067505326806
741,0.8080554999082827
742,-0.024600771547496486
743,0.040770174106857446
744,-0.23167359170032623
745,-0.21389929812693093
746,-0.8474715944418807
747,-0.02689131524177043
748,-0.329702070270258
749,-0.4199410205045516
750,0.19422844282559348
751,-0.20851093405517598
752,-0.5846170892118571
753,-0.6941169909667491
754,0.5720342164469395
755,-0.4313798175324828
756,0.49117323498630705
757,0.9978236162048434
758,0.42538483340381206
759,-0.3832046809802983
760,0.1980260011578916
761,0.4298362932708451
762,0.17908732482690765
763,0.03702422833600941
764,0.18327143708324017
765,0.3737850053000729
766,-0.046143515763515705
767,-0.5029439627231007
768,-0.3265073830061362
769,-0.7704470906988176
770,-0.27347892196545887
771,0.1404819067873672
772,0.14963892730306821
773,0.6058091074970569
774,-0.8077057063974916
775,0.20081929021577472
776,-0.43300561714290287
777,0.19915144615881247
778,-0.16099909091581133
779,-1.0021053661304677
780,0.0961901324367332
781,0.2213198804279525
782,0.46930587612827884
783,0.08526797589888296
784,0.24673940624520313
785,0.006628551683238469
786,0.004113518313970305
787,0.14564612695461343
788,-0.6856652002611789
789,0.11700854911328176
790,0.3557470318126369
791,0.6093149085706995
792,-0.5018462132559752
793,0.7810879659650167
794,-0.3383778176703325
795,-0.06775532214329225
796,0.2712921849711122
797,0.6016808467381844
798,0.21680871195217072
799,-0.4084249638421381
800,-1.1265854118201617
801,0.42254095807244024
802,0.06646743780509638
803,-0.5710347216353623
804,-0.4987273158841424
805,-0.4511182834355346
806,0.13653447364113808
807,0.9515183699477608
808,-1.0310097773454163
809,0.7336843660328112
810,-0.4320748372528681
811,-0.18572801160829697
812,1.1716396896874188
813,-0.4652929719850099
814,-0.8256664826638318
815,-0.27528447974253417
816,-0.006155737070133921
817,0.5214498022067431
818,1.2200418933572013
819,-0.2526847766439323
820,-0.03876507332732865
821,0.4676162932131305
822,-1.04988178915713
823,-0.7502773243564672
824,0.3027732430729487
825,-0.27641311678261776
826,0.985439434023111
827,-0.2848363796201344
828,0.09814450134808847
829,0.11540635864182812
830,1.0305893549569687
831,0.22966567905702173
832,-0.3267113745314381
833,-0.18085202142087625
834,-0.31344964763125005
835,-0.6775067436411631
836,-0.28693177639491196
837,-0.08408421813449547
838,0.11215548381226986
839,-0.07392980690190554
840,0.560515964974535
841,0.020144556307149765
842,-0.2819741436005174
843,-0.036690645050565796
844,0.12879967347010776
845,-0.33875084725295934
846,-0.824325643169464
847,-0.11966374361223518
848,-0.49062183603910203
849,0.6035756808994652
850,-0.6819739368772453
851,-0.29324101432012795
852,0.14784027516054948
853,-0.38027696753862983
854,0.15730218880673438
855,-0.10200496377996292
856,0.32491355188320015
857,-0.22154614223664904
858,-0.19320273782783431
859,-0.3644388378981675
860,0.21532409542342484
861,0.21486202218463407
862,-0.06168044885662981
863,0.2338554308697139
864,-0.29668405028805567
865,1.093374672752914
866,-0.053292570660594604
867,-0.2529918035423733
868,0.1615953623248245
869,1.3743069436449296
870,0.1474575701395148
871,0.028362330249987067
872,-0.39519262621336193
873,-0.09126439580747266
874,0.028239037889469115
875,-0.13268803156904152
876,-0.06840203138197215
877,-0.21855489617338789
878,-0.4620797865973759
879,0.9723249328028589
880,0.2457824747715735
881,0.2391961921450433
882,0.4800845773826405
883,-0.10632734393018853
884,-0.31233804860230735
885,0.3581045444948028
886,-0.6757307379509193
887,-0.23948828787463375
888,0.4260276342208412
889,0.540745045774834
890,-0.7106401072541003
891,0.9385928779632349
892,0.1838954083117718
893,0.7895595412469297
894,0.7305343016996136
895,0.06959828564629544
896,-1.1796292486915647
897,0.6078926302460536
898,-0.1364831345838449
899,-0.5034068561735665
900,-0.08104480420369826
901,-0.7259530819672035
902,-0.31622371530070587
903,-0.7131684258816532
904,-0.6466557489019299
905,-0.11884046013772576
906,-0.049748893795363534
907,0.4827149225347028
908,-0.40124054309870005
909,-0.059723368617860983
910,0.11130054686474669
911,0.042897148880864024
912,0.07956285328381782
913,0.24145316428122532
914,-0.07802346688646807
915,0.4539591596151763
916,-0.24077938121581918
917,0.33864724376396693
918,-0.324412319533571
919,0.18874725776387255
920,-0.06089168950860544
921,-0.7291007341938184
922,0.4504032188382769
923,-0.9711359143200836
924,0.3642860355254412
925,1.4284498064275506
926,0.3100782089742282
927,-0.333295649734458
928,-1.418821499402529
929,-0.5217290780508674
930,0.13105667598813422
931,-0.030712095983010137
932,0.10590661769932802
933,-0.9341227433450126
934,-0.44122350234205576
935,-0.3106819886590872
936,-0.18975804104302038
937,-0.3598214710785967
938,0.7709386352664179
939,-0.264939916605286
940,0.22466895323924183
941,0.1316898009345066
942,1.0445496628212998
943,-0.22396337130495203
944,0.1586829790819618
945,-0.2917942382732295
946,0.3979915473869067
947,-0.19136594247655675
948,-0.13593327645273984
949,-1.1697643454012947
950,0.5906277529852324
951,0.047215689617659776
952,0.5015347224261074
953,0.056865431320418
954,-0.4933648478201301
955,0.07247485008434099
956,0.9026861870390219
957,-0.5924862931804652
958,-1.3503305563214556
959,-0.05885418158554829
960,-0.5300933443393473
961,0.07035707140355868
962,-0.011047468291047795
963,-0.08791045055393468
964,0.06761779832671064
965,-0.1904525458393256
966,-0.03332159198550441
967,0.026244383276243916
968,-0.06966915117108968
969,0.0950565969671702
970,0.34713110933862223
971,-0.09581432263737102
972,-1.1521596065318953
973,0.12258698640372095
974,0.219493505659091
975,0.48850214718803814
976,-0.19788991849055956
977,0.6315680871846557
978,-0.32266103233336885
979,0.6502028295650244
980,-0.43211527123470084
981,0.7886110054834489
982,0.017392944457076162
983,-0.32452281350490936
984,-0.3745085844817475
985,-0.2920699053005577
986,-0.3035816347969192
987,-0.4353519846515636
988,0.33481815941726206
989,-0.18987144967266492
990,-0.02230114999925135
991,-0.12931783001410227
992,-0.13747755349846258
993,-0.4228213697388046
994,-0.00630270266435231
995,-0.006410980487513002
996,1.268545026515228
997,-0.3708722881775063
998,0.16772900395758455
999,0.09582959311416753
1000,0.3098333161072598
1001,0.30475443050697576
1002,0.9386603870613954
1003,1.1695170940081903
1004,0.7220173167354883
1005,-0.22251226649970676
1006,0.08373787293777656
1007,-0.5029134171736265
1008,-0.01567303443041379
1009,0.24209598286760547
1010,-0.010262225184060319
1011,-0.23891074990044675
1012,-0.5809812125954921
1013,-0.48627247966268927
1014,-0.49196618630520195
1015,-0.4656149020747435
1016,-0.6576382377634418
1017,0.002663515358690957
1018,-0.4097677969277477
1019,-0.3984500550336143
1020,-0.01782272607069901
1021,-0.1853661505486253
1022,-0.7314006873672738
1023,-0.45806402346683067
1024,0.1344625029729848
1025,-0.4652555380192815
1026,-0.739638320838853
1027,-0.265985941745533
1028,-0.10102372720572678
1029,-0.07260450437730953
1030,-1.0244060921580482
1031,0.07530458417949079
1032,-0.3316456639817834
1033,0.10239776584972426
1034,-0.5004230779228901
1035,0.2551859230056136
1036,0.017107079909472737
1037,0.7540481851974011
1038,0.6251018384842223
1039,0.10414301370299417
1040,0.2569316858484224
1041,0.33080214451620876
1042,0.5476460052624365
1043,0.7603441214339827
1044,0.32583470412153037
1045,0.022041659071540785
1046,0.6315284872108246
1047,-0.1687090385769021
1048,-0.29795624939197773
1049,-0.16234737666955662
1050,0.821967996976777
1051,-0.3214571323661835
1052,-0.20100512971457565
1053,0.1712128924650113
1054,1.3144112009902613
1055,0.06472684930201175
1056,-0.22049874670266337
1057,0.37533747461318734
1058,-0.3697853232730227
1059,0.9595605018641249
1060,-0.49821597991468314
1061,0.2658939198252512
1062,-0.2388118056372056
1063,-0.13167635484293055
1064,-0.06892950724189388
1065,-0.365495697914095
1066,-0.27740719774761535
1067,-0.8252388107190322
1068,-0.9173014111231367
1069,-0.34987669359869333
1070,-0.19677870464556677
1071,0.19872424067048647
1072,0.479228470362189
1073,-0.32082953666098835
1074,-0.23289132486873027
1075,0.1538125819575628
1076,0.36781491622589585
1077,-0.3854325836929811
1078,0.6523194979334698
1079,-0.775552869390039
1080,0.1730620293857146
1081,-0.7346241468421827
1082,-0.0008924898689717242
1083,0.5164641216609989
1084,0.3760725233381556
1085,0.7008211592900737
1086,-0.10862941654211573
1087,-0.036579551471974336
1088,-0.044049030653463106
1089,-0.28954626214859125
1090,-0.6007140535303049
1091,0.2407356566330878
1092,0.6569945621555624
1093,-0.22168569191927223
1094,0.876375005970552
1095,-0.856437163764209
1096,-0.12140726385352216
1097,-0.1764965360690554
1098,-0.8758940475151898
1099,-0.6202243186062191
1100,-0.21213027092217537
1101,-0.47826380520525336
1102,-0.7023831710383116
1103,-0.2555303751221498
1104,0.12620522919672642
1105,-0.019003040999690232
1106,-0.8474092980448807
1107,0.307626775181974
1108,0.2823219638024484
1109,0.37645166049022877
1110,0.0054129201045581814
1111,-2.6395943773826236
1112,-0.706242803161978
1113,-0.5486627988648444
1114,0.47552629396163293
1115,-0.5259304670386429
1116,-0.9592749341814311
1117,-1.2840714536954136
1118,0.38718054005338554
1119,-0.609926022356532
1120,-0.31304717220653233
1121,0.1466988626269009
1122,0.7482165104163803
1123,0.46899083491729876
1124,0.019102038560138736
1125,0.01110168043941881
1126,-0.6077906518391991
1127,0.27730088141815845
1128,-0.42084447112115975
1129,-0.16327488047189043
1130,-0.09366430948452927
1131,0.2308670597753525
1132,-0.08836564130038366
1133,-0.099436227179483
1134,-0.2821988671427218
1135,-0.05958505872389681
1136,-0.7016933050827383
1137,0.15924781534812113
1138,-0.191706920091996
1139,-0.844771138281791
1140,0.34971449505941643
1141,0.028430437651795412
1142,-0.02077848574122615
1143,-1.1202086751701084
1144,-0.2488902752778851
1145,0.7470971210247415
1146,0.08701735144616053
1147,-0.29854521849152676
1148,-0.9079850761635738
1149,-0.19436597668258954
1150,-0.10862940598031473
1151,-0.2382183003541002
1152,-0.11847650724689895
1153,0.6259497652575877
1154,0.12726028443366588
1155,0.47322275884859905
1156,0.18163042285640377
1157,-0.20183758336951388
1158,-0.07069995646441989
1159,-0.010384450015995712
1160,-0.6545599150140008
1161,-0.050831378868759186
1162,0.2162002455910212
1163,0.3641277092840901
1164,0.938279537046484
1165,0.03855876268299442
1166,-0.6725582772167678
1167,-0.2492738373148137
1168,-0.04990202528058642
1169,-1.1779889957841403
1170,-0.15460331783053358
1171,0.4859013358156572
1172,-0.45261543898392465
1173,0.14678606036320604
1174,-0.7600957643901752
1175,-0.26682026622599264
1176,-0.4860420202511623
1177,0.27719476829252987
1178,0.5967998815391632
1179,-0.3086565579335122
1180,-0.44711597890177207
1181,0.9018016401615865
1182,0.5366067012773033
1183,-0.10545597954565009
1184,0.00890233040503724
1185,0.05038298659957689
1186,0.3497866672759239
1187,0.03400700028060966
1188,-0.6312441993163502
1189,0.5864821192487424
1190,-0.009426748595959902
1191,-0.7143845209452404
1192,-0.15575150329849047
1193,-0.12308026826982757
1194,0.21608503052898986
1195,0.18236714899252665
1196,-0.6698229286558139
1197,-0.014328207433455111
1198,-0.6239008851130575
1199,0.16897935946423764
1200,-0.2948105701813419
1201,1.0350222944831549
1202,-0.639344486407373
1203,-0.16483879735395351
1204,-0.6736602435133533
1205,0.06067640173900114
1206,-0.10463907729459397
1207,-1.002438905515224
1208,0.5014204332103177
1209,-0.4623561208335974
1210,-0.6649319128491764
1211,0.04184612803856407
1212,-0.8164686449967407
1213,0.2528327042088998
1214,0.09599700638615685
1215,-0.3209668141450026
1216,-0.5787305975079613
1217,0.7649549683021163
1218,-0.2595684572646278
1219,-0.22767369837653906
1220,-0.1785174084729189
1221,-0.0004586678568072461
1222,-0.6226271796563325
1223,0.4529984247009952
1224,0.2494990696782253
1225,-0.5464557953362529
1226,0.33456125363671263
1227,-0.7695206917568478
1228,0.375627140871567
1229,1.0643704665109657
1230,0.830299047837012
1231,-0.8017895706322655
1232,-0.37665596389324146
1233,0.4137638167752619
1234,-1.100652313852086
1235,-0.3757047114827532
1236,0.16611047550133742
1237,0.8027629802443319
1238,-0.025503577718033466
1239,-0.1573395817862997
1240,0.2010910485225586
1241,-0.020799363491745212
1242,-0.01941571750798309
1243,-0.1501899850027991
1244,0.2906591848033503
1245,0.04592729808244232
1246,-0.06881465944970278
1247,-1.0795755721515485
1248,-0.38389451989184326
1249,0.21640949833568096
1250,-0.8930141314445718
1251,0.1995091803889061
1252,-0.6706467261782313
1253,0.1370551083162082
1254,0.08203310283650578
1255,-0.06353232163289946
1256,-0.009259845034860895
1257,-0.40472961199425694
1258,-0.07077054469546275
1259,0.02938931542282815
1260,-0.45605911459075466
1261,0.23105027055271393
1262,-0.5343048094773687
1263,0.41283642957156513
1264,0.18636687037468067
1265,0.7911419048484024
1266,-0.49669578948486415
1267,-0.42422460777880766
1268,-0.6252891975790235
1269,-0.266458349597067
1270,-0.09827627488944396
1271,-1.3306604628020358
1272,0.21104089613642849
1273,-0.18477855430035073
1274,-0.17003676487648636
1275,0.3036785178409761
1276,0.5217102809506646
1277,-0.012753848189847483
1278,-0.5265990801802961
1279,0.32242590950679945
1280,-0.7929336545987427
1281,0.12892928512764212
1282,0.02987801128698544
1283,-0.05500086294949027
1284,-0.30628201459626453
1285,0.5793793898728598
1286,0.5437985871909018
1287,-0.33064597957548136
1288,-0.08522811131022096
1289,-0.3900789029333789
1290,-0.012496461281714902
1291,-0.09192641802612894
1292,-0.5504645565841935
1293,-0.058419687594522395
1294,-0.8206853427472953
1295,-0.8544604795300527
1296,-0.9737860002731082
1297,-0.016564007233580466
1298,-0.07388565445058408
1299,-0.33230466026886285
1300,-0.08106062544714307
1301,-0.037069557353873316
1302,-0.5192876306837058
1303,-0.4369911409820551
1304,-0.03406443823801898
1305,-0.8421096624503253
1306,0.633731769890137
1307,0.32980571460584096
1308,-0.15894288091618974
1309,0.029556726809896697
1310,-0.5418071657817479
1311,0.0931469757085881
1312,-0.6904697934707277
1313,0.6607269738704622
1314,-0.2427550260536444
1315,-0.7339561227687417
1316,-1.47587619554816
1317,0.17050144586296828
1318,-0.8458804512892976
1319,-1.19425919706766
1320,-0.38638061597905227
1321,-0.7650492808727832
1322,0.291818277061326
1323,-0.17580573036655583
1324,-1.0969376346007313
1325,0.006311132869318115
1326,-1.8752221345440632
1327,-0.06374016221213402
1328,0.0038924866489857025
1329,-0.28521062877100734
1330,-0.4050329421108272
1331,-0.062420137261800346
1332,-0.18260771987558835
1333,-0.1531701725422498
1334,0.11027849427008592
1335,-0.9763797440592056
1336,-0.21043949427262038
1337,0.33262902409560774
1338,-0.23505570540020054
1339,-0.7832628417689858
1340,1.3425457120633666
1341,0.24402896262064452
1342,-0.012301662117588603
1343,-0.2947859939465318
1344,0.036398417245914735
1345,-0.39603297787581615
1346,-0.062474283139707404
1347,0.047415753556587885
1348,0.2184594217242559
1349,-0.013157697964900815
1350,-0.1486479318069997
1351,0.24093093144372035
1352,0.035192462907977555
1353,0.007516687510660404
1354,-0.06242359994894894
1355,0.2156426036740334
1356,-0.455651357251764
1357,-0.48841555662421504
1358,-0.4102871810088627
1359,0.20030267028792023
1360,0.7064998465305476
1361,-0.15586793657079517
1362,-0.46513477877586495
1363,-0.1931614149163862
1364,0.7068935036351554
1365,-0.4420546316376117
1366,-0.291549292985554
1367,-0.4097035640076783
1368,0.7114385703363699
1369,0.009791250727257561
1370,-0.9736286067290023
1371,-0.23953372554967836
1372,0.3904570727051279
1373,0.2301100667124957
1374,0.41138957023760764
1375,0.37495201885050833
1376,0.5273771978618921
1377,0.26619869091858667
1378,-0.036239467275930845
1379,-0.18903449237751346
1380,-1.0685273822314065
1381,-0.6027910557836009
1382,-0.8910851094459592
1383,-0.02767719269566074
1384,0.5040082183419297
1385,-0.3244434066926317
1386,0.07469595949070751
1387,-0.7849043132695752
1388,0.23046360874331842
1389,-0.07362059878395194
1390,0.009516800040934817
1391,-0.23044627134352336
1392,-0.2764262465030819
1393,0.6605153815796448
1394,0.111694627406726
1395,-0.5034098294074317
1396,-0.7341439603154991
1397,1.2787254941651789
1398,-1.1087424367879524
1399,-0.26224389913243606
1400,-0.6164185131790282
1401,-0.2069069863883006
1402,0.4416309723938977
1403,-0.031854317596534065
1404,-0.3496338338367315
1405,-0.2346381958283027
1406,0.43367346259387113
1407,1.7145316977636507
1408,-0.4652841519176432
1409,0.25296132527626447
1410,-0.38087750899217887
1411,-0.4966835689551349
1412,0.26979321952494895
1413,0.6104986588283888
1414,-0.8867824645130824
1415,0.5284297899314008
1416,0.36813962407188433
1417,-0.12329166932990053
1418,-0.19625425630730248
1419,-1.1873948326984154
1420,-0.44189709877935934
1421,-0.3599287799683431
1422,-0.6168396332170933
1423,-0.5168440725188663
1424,0.3881143685727291
1425,-1.0705269170949816
1426,-0.08320696333839775
1427,-0.5323521369254395
1428,0.16383278852194677
1429,0.8854025896065129
1430,0.6697193339305663
1431,0.2257438288398779
1432,-0.2995725715939641
1433,0.05177966374775256
1434,-0.7577069489285717
1435,0.445743047962255
1436,-0.08688764127401914
1437,0.3412185316991554
1438,-0.739832822223345
1439,0.6485819306180582
1440,-0.23099923452660032
1441,-1.2263639669300834
1442,-0.18508611405580572
1443,-0.9490278891975796
1444,-0.5924865388639602
1445,0.21483918035658137
1446,-0.3534761184923466
1447,-0.03019066326480313
1448,-0.330838575060711
1449,1.1163290919150184
1450,-0.43455619796882283
1451,-0.23953843895322202
1452,0.05012321866085495
1453,-0.39882565534242226
1454,0.16702615283531222
1455,0.5650280507754721
1456,-0.04541496107354383
1457,-0.2579803808480026
1458,-0.44780843092962175
1459,-0.047492560731343426
1460,-0.2249800115929156
1461,0.9326058446657287
1462,-1.9102608609252945
1463,0.8894694416278655
1464,-0.10915128479486234
1465,0.32804766424447734
1466,-0.2488517096567023
1467,-0.2656274941927785
1468,-0.14806308667512774
1469,-0.05444029059302106
1470,-0.304377937657004
1471,-0.11011173028618258
1472,0.2368220472410043
1473,-0.8684836528291103
1474,-0.2214712552716176
1475,-0.11944093984417237
1476,-0.03561458775352025
1477,1.7702371418547598
1478,0.17841471853357138
1479,0.32761782875819806
1480,0.2921209486680254
1481,0.04470664957589223
1482,-0.3289063522623354
1483,0.24316217891597944
1484,-0.4644234803273469
1485,-0.6996913396320168
1486,0.30264636317428767
1487,0.14801330232148385
1488,0.005844375061113696
1489,0.5462242020203448
1490,0.0830387081661304
1491,-0.3069036103254751
1492,-0.1285838041977729
1493,0.37597770578061135
1494,-0.11003406311896713
1495,-0.3604292041503476
1496,-0.6949844508429514
1497,-0.8019587556258093
1498,-0.3857781309974287
1499,-0.42936508535338114
1500,0.5281583592747537
1501,-0.01930353617381304
1502,-1.5105824836831132
1503,0.14915846955429451
1504,-0.9984995552001845
1505,-1.0091466203431132
1506,-0.2732984642014748
1507,-0.31702603474583735
1508,0.3331128115965818
1509,0.8471948700859487
1510,-0.866351855508845
1511,0.2218307548288555
1512,-0.1398038604398582
1513,-0.20115598724169728
1514,-0.06275037641217121
1515,-0.7315750928986786
1516,0.7067777063539421
1517,0.3710002017658404
1518,-0.17234815851678514
1519,-0.32924209284747136
1520,-0.22385396936130428
1521,0.08981900434675905
1522,-0.4478826889297637
1523,-0.18888408719772343
1524,-1.3341938242123164
1525,-0.04225225941363891
1526,-0.4972467703565592
1527,-0.5687130849550812
1528,-0.25928232708055066
1529,-0.2097311151584682
1530,-0.4457190726004612
1531,0.13293891111219147
1532,0.09470690046402315
1533,0.24700205684144103
1534,0.43966422668024185
1535,0.005351892754876991
1536,-0.2881321883252379
1537,0.6029501989795821
1538,0.3464156307057969
1539,-1.0326797867463398
1540,0.24305561626992797
1541,-0.5160825596051826
1542,0.16390582758321454
1543,1.0283641200308675
1544,-0.16993577000150997
1545,0.024663929671257263
1546,0.4887544124697648
1547,-0.019956762995100692
1548,0.17932788748018977
1549,0.1984748178199094
1550,0.1965334089901994
1551,0.11628327226217168
1552,-0.6011197827038065
1553,1.1989655273587327
1554,-0.746283171913523
1555,-0.2505726179043183
1556,0.2671459144688962
1557,-0.1809596990844528
1558,-0.1431737202596323
1559,-0.607860795534598
1560,-0.025901654822479997
1561,0.1495893504394954
1562,0.3088827430045987
1563,0.5405961257712821
1564,-0.12039392595304999
1565,-0.4644178135991495
1566,-0.41479822001214134
1567,0.13599498283026698
1568,-0.3011325593430506
1569,0.6298997528575727
1570,0.5547557230705111
1571,-0.03378902665957388
1572,-0.2798835563138783
1573,-0.4898432204363585
1574,0.5463954477652793
1575,-0.026347920729880125
1576,-0.1932702974625452
1577,0.24364315076105744
1578,-0.47891435210183236
1579,-0.8642013554476053
1580,-0.19357563838265276
1581,0.13743660577531705
1582,-0.7827900694579829
1583,-0.3051530903438499
1584,0.9661465671567174
1585,0.36200693958177094
1586,-0.07689384808814492
1587,-0.13762042045893352
1588,0.05875173048130474
1589,0.44804033456780235
1590,-0.29564188603227576
1591,-0.6926948826711937
1592,-0.10153570149347754
1593,0.5424928445218813
1594,-0.08096827406885106
1595,0.8090275954962449
1596,0.0691327266867231
1597,-0.5001212843898902
1598,-1.437885434354301
1599,0.496731757588563
1600,-1.1728792212326553
1601,-0.4245787005888722
1602,0.2611058187248373
1603,0.2928009970721023
1604,-0.5041034939943767
1605,-0.34230136972727265
1606,0.5499608957511383
1607,-0.06618156100635704
1608,-0.026310443438965513
1609,0.2753508951326266
1610,0.5482171434569326
1611,0.2582639381400381
1612,0.7713628448431616
1613,-0.03772307032023042
1614,0.1988952007470571
1615,0.479885529182958
1616,0.6601721470643593
1617,-0.6818801375402188
1618,-0.34337669236248936
1619,0.3362311971090086
1620,-0.33482346215556924
1621,-0.5212345818545753
1622,-1.0533163914618398
1623,0.2630160812021208
1624,-0.2794638017136779
1625,-0.17309754984872563
1626,0.156157033523735
1627,0.183988702560494
1628,0.7844155786389325
1629,-0.7990231875878799
1630,-0.24335474246417194
1631,-0.41517964136048807
1632,-0.37409971102507944
1633,-0.953099696085312
1634,0.7040208292045369
1635,-1.3839100483306324
1636,0.3994819437488278
1637,-0.28106198726293885
1638,-0.24379681014186763
1639,-0.5265825947627115
1640,-0.037897605652086906
1641,0.4253065692527904
1642,0.9635991385220631
1643,-0.025166343315417485
1644,-0.8651343397034756
1645,0.062318870192361014
1646,-0.40533496070481195
1647,0.11354634959593154
1648,-0.036407475139435555
1649,0.05051560000531008
1650,0.27425619677020535
1651,0.20645201289528203
1652,0.6712848678872002
1653,0.19647887422091898
1654,0.41670583599291167
1655,-0.4265897030270253
1656,0.2660538075646114
1657,0.04248522619151902
1658,0.7320326605961035
1659,0.27677418243779345
1660,0.22982580659144908
1661,-0.004319535376985962
1662,-0.38331239144319085
1663,0.05514345193468059
1664,0.5676309128055184
1665,-0.2971237398788101
1666,0.2261009314465289
1667,-0.039199829840797604
1668,0.6175957515536966
1669,0.13313282696542042
1670,0.09766056274781326
1671,0.5610684998448979
1672,-1.1472695106422894
1673,-0.47990283237000664
1674,-0.4411580945137963
1675,0.04418272739181747
1676,-0.5153985921728916
1677,-0.216450711983292
1678,-0.3324159568211168
1679,-0.5450165791881121
1680,-1.2539518346455174
1681,0.19881203947275758
1682,0.8294074583328968
1683,-0.21722946156681372
1684,-0.4432702959306769
1685,-0.15333922372314907
1686,-0.8302740809962926
1687,-0.9175563210101096
1688,-0.3672904866090141
1689,0.16684431651281617
1690,-0.12605476757185963
1691,-0.4672216652075681
1692,0.004321837979815717
1693,-0.30515624214613013
1694,0.6688971344384319
1695,-0.08347973996945812
1696,-0.3311316215178043
1697,-0.04857865218502941
1698,0.2204707893645435
1699,-0.40655412248912925
1700,-0.18261939562473356
1701,0.20381262667257008
1702,0.15109819462255178
1703,-0.24796419696935412
1704,-1.1036663879510076
1705,0.2908392253856755
1706,0.6571146001045011
1707,-0.06960518350808922
1708,-0.3516987049585021
1709,0.7140226253719483
1710,0.637083196987386
1711,0.00271030355805469
1712,0.21570858539795365
1713,-0.10139683840746654
1714,-0.23416611373956833
1715,-0.6065813781298827
1716,-0.17135304594377426
1717,0.3490715374260305
1718,-0.5266349318901509
1719,-0.9613173146290738
1720,-0.18741509125735295
1721,-0.030402345622787763
1722,0.029679232821699597
1723,0.18957711888909534
1724,-0.5831905789737764
1725,0.2695945628656022
1726,-0.15164983871122925
1727,0.423006696907318
1728,1.54333192542028
1729,-0.005155046579814207
1730,-0.2735110035779583
1731,0.5339309795048116
1732,0.04818152818104576
1733,-0.5267276809237997
1734,-0.018297428011460365
1735,-1.4660975236956026
1736,0.10542961659343418
1737,0.43006497388821907
1738,0.35346015350728827
1739,-0.31843171283665983
1740,0.5107072935488209
1741,0.7616665159617573
1742,-0.10045339151442428
1743,-0.9382190309834888
1744,-0.03975392331891697
1745,-0.6533004146877358
1746,-0.31874868743085605
1747,-0.8974993657857488
1748,-0.413509065522448
1749,0.26876369043642656
1750,0.06758740380038133
1751,-0.5089899683238569
1752,-0.20897429539796933
1753,0.6034751581505817
1754,-0.2309453602366183
1755,-0.7495827191558276
1756,-0.5510996562547744
1757,-0.2209521275896991
1758,0.3223221361379647
1759,0.1462239470413161
1760,-0.19305986115631715
1761,-0.6394017390149678
1762,0.27896713879335977
1763,0.7616844409336941
1764,-0.09557399037423334
1765,-0.7823547214638662
1766,-0.2606779556220379
1767,0.29579896365724095
1768,0.06145328049311345
1769,0.2933239963722534
1770,-0.3227333901532325
1771,0.32505323873782604
1772,0.2870356929771105
1773,-0.9857898512682188
1774,0.018655197108538475
1775,-0.08116716408417401
1776,0.9210712375655963
1777,1.0130416448901363
1778,-0.5991185672572553
1779,0.6525024482943858
1780,-0.2620411681129966
1781,-0.08714891484159557
1782,-0.18424003637338368
1783,-0.8824129602433505
1784,-0.31161557352571073
1785,-0.22181918284381816
1786,0.5328531978054997
1787,-0.8924272768193745
1788,0.6854856126289852
1789,0.04760271607775977
1790,-0.5444657118420337
1791,0.11734978980227578
1792,-0.18826995658638612
1793,0.8350496114918199
1794,0.3961746301050615
1795,-1.4854549021781676
1796,-0.10604229843887139
1797,-0.4728154856539263
1798,0.31769462114777125
1799,-0.7048311090385193
1800,-0.07041730607752134
1801,1.1022070904556138
1802,-0.4460064368435894
1803,-1.1023564787852735
1804,-0.23416299969223636
1805,-0.11658061259700461
1806,-0.06772644326961197
1807,0.48879517030776326
1808,-0.22840182311919352
1809,-0.11095428071669894
1810,-0.7953334393994412
1811,-0.10409908954160946
1812,-1.4358574146068661
1813,1.5552843927291968
1814,0.5029570988022894
1815,-0.3054821115133813
1816,0.05539382524456676
1817,0.46434695688489286
1818,-0.45057154727910037
1819,-0.1345595675611198
1820,-0.28430875221951546
1821,0.35109643290947207
1822,-0.3703022354395096
1823,0.35748186810468985
1824,-0.5880183885672694
1825,0.2963371615837176
1826,1.3007134508916056
1827,0.638192894507834
1828,-0.6745306443904471
1829,0.867859563359664
1830,0.16363429895921874
1831,-0.21518283922672596
1832,0.672284993676411
1833,0.04766472876843816
1834,0.6307208085669928
1835,-0.027265520923346692
1836,-0.6845131893447594
1837,-0.23893486068268044
1838,0.27056689629332487
1839,0.6595852914848868
1840,0.19610884971422185
1841,-0.15628874443169583
1842,0.2316892421420333
1843,-0.12612781320077643
1844,0.27153040174583604
1845,-0.09756273681615976
1846,-0.1829537531350956
1847,-0.6835507920184742
1848,-0.5763336823079435
1849,0.11414596853293221
1850,-0.2591302795842731
1851,-0.006837770647714944
1852,-0.7225247795289597
1853,-0.15334774902325857
1854,-0.199245938086313
1855,-0.4406825091601566
1856,-0.296232678097417
1857,0.0363570982533353
1858,0.05959645732680678
1859,-0.328384833750608
1860,-0.2587765281996544
1861,-0.2700223305138228
1862,0.2897757338080264
1863,-0.4811494288836909
1864,0.7027761144649938
1865,0.2427920575482293
1866,0.34762240812371636
1867,-0.4562220860964362
1868,0.12804885601313856
1869,-0.12292304612817165
1870,-0.33807721422911086
1871,0.6846352172221811
1872,-0.17971641791692772
1873,0.11709917670572226
1874,0.05955302043471989
1875,-0.16918981475836342
1876,-0.22924069559421517
1877,-0.2937648340687679
1878,-0.386251638413741
1879,-0.2780580958731516
1880,-0.8330252713294921
1881,-0.7740663252452018
1882,-0.5578431349108538
1883,-0.3010168070574444
1884,-0.05659647920068739
1885,-0.6550593681552037
1886,-0.20984107831958196
1887,-0.28186891756488813
1888,-0.21822089681559192
1889,-1.1403621250179374
1890,0.03486642603054069
1891,-0.617193679902755
1892,-0.15116690400396882
1893,0.6760581635991186
1894,-0.5349927558041401
1895,-0.1601769954088243
1896,-0.1174967881405738
1897,0.0014783160370882911
1898,-0.07645239532374123
1899,0.7638351550480501
1900,0.07102610733256694
1901,0.023552134341267433
1902,1.310771136428741
1903,-0.7185410728545127
1904,-0.33486126623781215
1905,-0.49751996794495446
1906,0.5724118293143837
1907,-0.05626601360776373
1908,0.8896305287864585
1909,0.1270867547031356
1910,0.1464969421821815
1911,-0.37996153721204
1912,0.8055913612427037
1913,0.6755156783400899
1914,-0.2877269091366146
1915,-0.2762370850255862
1916,-0.7112380853296985
1917,-0.4008089791345513
1918,0.304048877078374
1919,0.2686213811068847
1920,-0.5233702877350064
1921,-0.01675213139552606
1922,-0.5369051302599187
1923,0.08761266742856011
1924,-0.1842013346217632
1925,-0.2837516855203479
1926,-0.18230316259451373
1927,-0.29441973594450405
1928,0.3374756072580998
1929,-0.12475896062141256
1930,-0.5724936819984301
1931,-1.311079338320252
1932,-0.5979245895783838
1933,-1.0997709747896816
1934,0.20826621142353433
1935,-0.07231032154625029
1936,-0.4759333113243455
1937,0.9078730646801324
1938,0.6512797599779641
1939,-0.38456654960747594
1940,-0.5639458982869311
1941,-1.3597530751266858
1942,0.09391098888470997
1943,-0.403036385911569
1944,0.1745335182073599
1945,0.12181743568509591
1946,-0.6827455407885928
1947,0.49965154631161424
1948,-0.40283432233644023
1949,-0.8795681887240246
1950,-0.3074924874191869
1951,-0.09501804563858159
1952,-0.6124986288726897
1953,-0.34126001099779685
1954,0.26817098044839394
1955,0.2340174475333931
1956,0.5809199058151795
1957,-0.19583279084126468
1958,0.07453233750336996
1959,0.4681739444006
1960,-0.5149051228966501
1961,0.2350682632685182
1962,-0.1980538469584396
1963,0.044965252996666295
1964,-0.5246221005914057
1965,0.000362218685046079
1966,0.6137197891503766
1967,0.36570080900629187
1968,-0.4015971191026097
1969,-0.4558498990569309
1970,-0.38454963642115775
1971,0.3475204967946208
1972,-0.2007319698740528
1973,-0.5744020937079224
1974,0.5271072361633453
1975,-0.4043125372289188
1976,-0.28333033755913106
1977,0.15266937489679105
1978,-0.47474141497886896
1979,-0.8358415276887078
1980,0.1800837072483325
1981,0.06696694642352845
1982,-0.24059006563655178
1983,0.009046565390577908
1984,-0.6449358953389364
1985,-0.3332773776925292
1986,0.12057424976029758
1987,-0.5451080193860769
1988,-1.2241804833006462
1989,-0.48488349175876644
1990,-0.4130996157409138
1991,-0.15054918307722093
1992,0.1374745065043611
1993,0.2484175449409742
1994,-0.05592351666794802
1995,0.11582200695924977
1996,0.4359629261625434
1997,0.27202683455934296
1998,-0.0017199765610282497
1999,-0.07984644785715674
2000,0.20053318071382367
2001,0.1675312933279302
2002,-0.586942079261737
2003,-0.7421033135380702
2004,-0.41666241973325535
2005,0.35202511662970865
2006,0.2808199820765551
2007,-0.4484945671729842
2008,-0.3941753878282734
2009,-0.511000113472538
2010,0.24478917304609057
2011,0.5023937619186232
2012,0.20860289762139958
2013,0.7243901535463517
2014,-0.210965607993054
2015,-0.3831202572040918
2016,0.05055333164362277
2017,0.20709806369530837
2018,0.3256578426255969
2019,0.07286894415290583
2020,0.4096717962988308
2021,-0.22110351527801098
2022,-0.481906943970186
2023,-0.3670059958974751
2024,-0.29408966672261344
2025,-0.1584231516627433
2026,0.14251052616882276
2027,-1.7351874615328144
2028,0.09842412728940711
2029,0.10659488598449747
2030,0.3349942941509175
2031,0.6630233325192918
2032,-0.3914517782950637
2033,-0.37839032624437313
2034,-0.4577624284380337
2035,-0.909919146609977
2036,-0.6540479084260847
2037,-0.3006123579276325
2038,-0.4499425108152324
2039,0.6043217321169196
2040,-0.052130707756300985
2041,0.04058086091767042
2042,-0.10966644657477018
2043,-0.28359907368225595
2044,-0.7836277742300725
2045,-0.2342466307558993
2046,0.39668079326446043
2047,0.06006099021767812
